<?xml version="1.0" encoding="UTF-8" ?>
<!DOCTYPE mapper PUBLIC "-//ibatis.apache.org//DTD Mapper 3.0//EN" "http://ibatis.apache.org/dtd/ibatis-3-mapper.dtd">

<mapper namespace="dwz.persistence.mapper.SysRoleMapper">
	<resultMap id="rm" type="dwz.persistence.beans.SysRole">
		<result property="id" jdbcType="INTEGER" column="ID"/>
		<result property="sn" jdbcType="VARCHAR" column="SN"/>
		<result property="name" jdbcType="VARCHAR" column="NAME"/>
		<result property="remark" jdbcType="VARCHAR" column="REMARK"/>
		<result property="status" jdbcType="CHAR" column="STATUS"/>
		<result property="insertDate" jdbcType="TIMESTAMP" column="INSERT_DATE"/>
		<result property="updateDate" jdbcType="TIMESTAMP" column="UPDATE_DATE"/>
	</resultMap>
	<sql id="Base_Column_List">
		ID,
		SN,
		NAME,
		REMARK,
		STATUS,
		INSERT_DATE,
		UPDATE_DATE
	</sql>
	<select id="load" parameterType="java.lang.Integer" resultMap="rm">
		SELECT 
			<include refid="Base_Column_List" />
		FROM sys_role 
		WHERE 
			ID = #{id} 
	</select>
	<!-- 查询所有的ID -->
	<select id="findAllIds" resultType="java.lang.Integer">
		SELECT ID FROM sys_role
	</select>

	<!-- 按Id删除 -->
	<delete id="delete" parameterType="java.lang.Integer">
		DELETE FROM sys_role WHERE
		ID = #{id} 
	</delete>
	 <!-- 插入 -->
	<insert id="insert" useGeneratedKeys="true" keyProperty="id">
		INSERT INTO sys_role (
			ID,
			SN,
			NAME,
			REMARK,
			STATUS,
			INSERT_DATE,
			UPDATE_DATE
		) VALUES (
			#{id},
			#{sn},
			#{name},
			#{remark},
			#{status},
			#{insertDate},
			#{updateDate}
		)
	</insert>
	
	<select id="countAll" resultType="java.lang.Integer">
		SELECT count(ID) FROM sys_role	
	</select>
	
	<select id="findAll" resultMap="rm">
		SELECT 
			<include refid="Base_Column_List" />
		FROM sys_role
	</select>
	
	<!-- 更新 -->
	<update id="updateSelective" parameterType="dwz.persistence.beans.SysRole">
		UPDATE sys_role 
			<set>
				<if test="sn!=null">
				SN = #{sn},
				</if>
				<if test="name!=null">
				NAME = #{name},
				</if>
				<if test="remark!=null">
				REMARK = #{remark},
				</if>
				<if test="status!=null">
				STATUS = #{status},
				</if>
				<if test="insertDate!=null">
				INSERT_DATE = #{insertDate},
				</if>
				<if test="updateDate!=null">
				UPDATE_DATE = #{updateDate}
				</if>
			</set>
		WHERE 
			ID = #{id}
	</update>
	
	<update id="update" parameterType="dwz.persistence.beans.SysRole">
		UPDATE sys_role SET
			SN = #{sn},
			NAME = #{name},
			REMARK = #{remark},
			STATUS = #{status},
			INSERT_DATE = #{insertDate},
			UPDATE_DATE = #{updateDate}
		WHERE 
			ID = #{id} 
	</update>
	
	<select id="findBySn" parameterType="java.lang.String"
		resultMap="rm">
		select 
			<include refid="Base_Column_List" />
		from sys_role where SN = #{sn}
	</select>
</mapper>

